<?xml version="1.0" encoding="UTF-8"?>

<namespace xmlns="http://www.mulesoft.org/schema/mule/tooling.attributes" xmlns:mule="http://www.mulesoft.org/schema/mule/core" prefix="espnapi" url="http://www.mulesoft.org/schema/mule/espnapi">
  <global-cloud-connector extends="http://www.mulesoft.org/schema/mule/espnapi/abstractEspnapiConnectorGeneric" abstract="true" image="" localId="parentConfig" icon="" description="" caption="ESPN Dev Center API"></global-cloud-connector>
  <global-cloud-connector extends="http://www.mulesoft.org/schema/mule/espnapi/parentConfig" abstract="false" image="icons/large/espnapi-connector-48x32.png" localId="config" icon="icons/small/espnapi-connector-24x16.png" description="Global ESPN Dev Center API configuration information." caption="ESPN Dev Center API">
    <attribute-category description="Espnapi configuration properties." caption="General">
      <group caption="Generic" id="espnapiGenericProperties">
        <name required="true" description="Give a name to this configuration so it can be later referenced by config-ref." caption="Name" name="name"></name>
      </group>
      <group caption="General" id="general">
        <string defaultValue="application/json" javaType="java.lang.String" required="false" description="Configurable rest accept header value defaults to application/json." caption="Accept" name="accept"></string>
        <string defaultValue="api.espn.com" javaType="java.lang.String" required="false" description="Configurable api host defaults to api.espn.com." caption="Apihost" name="apihost"></string>
        <string defaultValue="v37fddaw8ge4knf8yqq7nnd9" javaType="java.lang.String" required="false" description="Configurable apikey." caption="Apikey" name="apikey"></string>
        <string defaultValue="v1" javaType="java.lang.String" required="false" description="Configurable api version defaults to v1." caption="Version" name="version"></string>
      </group>
    </attribute-category>
  </global-cloud-connector>
  <cloud-connector abstract="true" image="icons/large/espnapi-connector-48x32.png" localId="abstractEspnapiConnectorGeneric" icon="icons/small/espnapi-connector-24x16.png" description="Interact with Espnapi." caption="Abstractespnapiconnectorgeneric">
    <attribute-category description="General." caption="General">
      <group caption="Generic" id="abstractEspnapiConnectorGeneric">
        <globalRef requiredType="http://www.mulesoft.org/schema/mule/espnapi/config" required="true" description="Specify which configuration to use for this invocation." caption="Config Reference" name="config-ref"></globalRef>
      </group>
    </attribute-category>
  </cloud-connector>
  <cloud-connector extends="http://www.mulesoft.org/schema/mule/espnapi/abstractEspnapiConnectorGeneric" image="icons/large/espnapi-connector-48x32.png" localId="espnapi-connector" icon="icons/small/espnapi-connector-24x16.png" description="Cloud Connector." caption="ESPN Dev Center API" aliasId="org.mule.tooling.ui.modules.core.pattern.espnapi">
    <attribute-category description="General." caption="General">
      <group caption="Generic" id="espnapiConnectorGeneric">
        <modeSwitch alwaysCombo="true" description="Operation." caption="Operation" name="Espnapi operations to execute">
          <mode modeLabel="All athletes by sport league" modeId="http://www.mulesoft.org/schema/mule/espnapi/all-athletes-by-sport-league"></mode>
          <mode modeLabel="All athletes by sport league groups" modeId="http://www.mulesoft.org/schema/mule/espnapi/all-athletes-by-sport-league-groups"></mode>
          <mode modeLabel="All athletes by sport league teams" modeId="http://www.mulesoft.org/schema/mule/espnapi/all-athletes-by-sport-league-teams"></mode>
          <mode modeLabel="Athlete by sport league player" modeId="http://www.mulesoft.org/schema/mule/espnapi/athlete-by-sport-league-player"></mode>
          <mode modeLabel="Athlete season stats by player sport league dates enable seasontype" modeId="http://www.mulesoft.org/schema/mule/espnapi/athlete-season-stats-by-player-sport-league-dates-enable-seasontype"></mode>
          <mode modeLabel="Athlete season stats by player sport league dates enable seasontype lang" modeId="http://www.mulesoft.org/schema/mule/espnapi/athlete-season-stats-by-player-sport-league-dates-enable-seasontype-lang"></mode>
          <mode modeLabel="Current days events" modeId="http://www.mulesoft.org/schema/mule/espnapi/current-days-events"></mode>
          <mode modeLabel="Current days events by leagues" modeId="http://www.mulesoft.org/schema/mule/espnapi/current-days-events-by-leagues"></mode>
          <mode modeLabel="Current days events by sport league" modeId="http://www.mulesoft.org/schema/mule/espnapi/current-days-events-by-sport-league"></mode>
          <mode modeLabel="Current days events by sport league groups" modeId="http://www.mulesoft.org/schema/mule/espnapi/current-days-events-by-sport-league-groups"></mode>
          <mode modeLabel="Current days events by sport league lang" modeId="http://www.mulesoft.org/schema/mule/espnapi/current-days-events-by-sport-league-lang"></mode>
          <mode modeLabel="Current days events top" modeId="http://www.mulesoft.org/schema/mule/espnapi/current-days-events-top"></mode>
          <mode modeLabel="Current standings by sport league" modeId="http://www.mulesoft.org/schema/mule/espnapi/current-standings-by-sport-league"></mode>
          <mode modeLabel="Current standings by sport league groups" modeId="http://www.mulesoft.org/schema/mule/espnapi/current-standings-by-sport-league-groups"></mode>
          <mode modeLabel="Current standings by sport league lang" modeId="http://www.mulesoft.org/schema/mule/espnapi/current-standings-by-sport-league-lang"></mode>
          <mode modeLabel="Current standings by sport league seasontype" modeId="http://www.mulesoft.org/schema/mule/espnapi/current-standings-by-sport-league-seasontype"></mode>
          <mode modeLabel="Event by sport league eventid" modeId="http://www.mulesoft.org/schema/mule/espnapi/event-by-sport-league-eventid"></mode>
          <mode modeLabel="Events by sport league teams dates" modeId="http://www.mulesoft.org/schema/mule/espnapi/events-by-sport-league-teams-dates"></mode>
          <mode modeLabel="Latest podcast recording by podcastid" modeId="http://www.mulesoft.org/schema/mule/espnapi/latest-podcast-recording-by-podcastid"></mode>
          <mode modeLabel="Latest podcasts" modeId="http://www.mulesoft.org/schema/mule/espnapi/latest-podcasts"></mode>
          <mode modeLabel="Latest recordings" modeId="http://www.mulesoft.org/schema/mule/espnapi/latest-recordings"></mode>
          <mode modeLabel="Latest research notes" modeId="http://www.mulesoft.org/schema/mule/espnapi/latest-research-notes"></mode>
          <mode modeLabel="Latest research notes by sport league" modeId="http://www.mulesoft.org/schema/mule/espnapi/latest-research-notes-by-sport-league"></mode>
          <mode modeLabel="Latest research notes by sport league player" modeId="http://www.mulesoft.org/schema/mule/espnapi/latest-research-notes-by-sport-league-player"></mode>
          <mode modeLabel="Latest research notes by sport league teams" modeId="http://www.mulesoft.org/schema/mule/espnapi/latest-research-notes-by-sport-league-teams"></mode>
          <mode modeLabel="List olympic countries" modeId="http://www.mulesoft.org/schema/mule/espnapi/list-olympic-countries"></mode>
          <mode modeLabel="List olympic sports by dates season" modeId="http://www.mulesoft.org/schema/mule/espnapi/list-olympic-sports-by-dates-season"></mode>
          <mode modeLabel="Medal counts" modeId="http://www.mulesoft.org/schema/mule/espnapi/medal-counts"></mode>
          <mode modeLabel="Medal counts by country" modeId="http://www.mulesoft.org/schema/mule/espnapi/medal-counts-by-country"></mode>
          <mode modeLabel="Medal counts by country with competitions" modeId="http://www.mulesoft.org/schema/mule/espnapi/medal-counts-by-country-with-competitions"></mode>
          <mode modeLabel="Medal counts by dates season" modeId="http://www.mulesoft.org/schema/mule/espnapi/medal-counts-by-dates-season"></mode>
          <mode modeLabel="Medal counts by event dates season" modeId="http://www.mulesoft.org/schema/mule/espnapi/medal-counts-by-event-dates-season"></mode>
          <mode modeLabel="Medal counts by player dates season" modeId="http://www.mulesoft.org/schema/mule/espnapi/medal-counts-by-player-dates-season"></mode>
          <mode modeLabel="Podcast" modeId="http://www.mulesoft.org/schema/mule/espnapi/podcast"></mode>
          <mode modeLabel="Recording" modeId="http://www.mulesoft.org/schema/mule/espnapi/recording"></mode>
          <mode modeLabel="Research note" modeId="http://www.mulesoft.org/schema/mule/espnapi/research-note"></mode>
          <mode modeLabel="Standings by sport league dates" modeId="http://www.mulesoft.org/schema/mule/espnapi/standings-by-sport-league-dates"></mode>
          <mode modeLabel="Story" modeId="http://www.mulesoft.org/schema/mule/espnapi/story"></mode>
          <mode modeLabel="Team by id" modeId="http://www.mulesoft.org/schema/mule/espnapi/team-by-id"></mode>
          <mode modeLabel="Team with enable by id" modeId="http://www.mulesoft.org/schema/mule/espnapi/team-with-enable-by-id"></mode>
          <mode modeLabel="Teams" modeId="http://www.mulesoft.org/schema/mule/espnapi/teams"></mode>
          <mode modeLabel="Teams by groups" modeId="http://www.mulesoft.org/schema/mule/espnapi/teams-by-groups"></mode>
          <mode modeLabel="Todays fantasy news" modeId="http://www.mulesoft.org/schema/mule/espnapi/todays-fantasy-news"></mode>
          <mode modeLabel="Top espn com headlines" modeId="http://www.mulesoft.org/schema/mule/espnapi/top-espn-com-headlines"></mode>
          <mode modeLabel="Top headlines" modeId="http://www.mulesoft.org/schema/mule/espnapi/top-headlines"></mode>
          <mode modeLabel="Top headlines by sport league" modeId="http://www.mulesoft.org/schema/mule/espnapi/top-headlines-by-sport-league"></mode>
          <mode modeLabel="Top news by lang region" modeId="http://www.mulesoft.org/schema/mule/espnapi/top-news-by-lang-region"></mode>
          <mode modeLabel="Top news by sport league" modeId="http://www.mulesoft.org/schema/mule/espnapi/top-news-by-sport-league"></mode>
          <mode modeLabel="Top news by sport league dates" modeId="http://www.mulesoft.org/schema/mule/espnapi/top-news-by-sport-league-dates"></mode>
          <mode modeLabel="Top news by sport league lang" modeId="http://www.mulesoft.org/schema/mule/espnapi/top-news-by-sport-league-lang"></mode>
        </modeSwitch>
      </group>
    </attribute-category>
  </cloud-connector>
  <cloud-connector returnType="java.lang.String" extends="http://www.mulesoft.org/schema/mule/espnapi/abstractEspnapiConnectorGeneric" abstract="true" image="icons/large/espnapi-connector-48x32.png" localId="all-athletes-by-sport-league" icon="icons/small/espnapi-connector-24x16.png" caption="All Athletes By Sport League">
    <attribute-category description="General." caption="General">
      <group caption="General" id="general">
        <string javaType="java.lang.String" required="true" description="Example mlb." caption="League" name="league"></string>
        <string javaType="java.lang.String" required="true" description="Example baseball." caption="Sport" name="sport"></string>
      </group>
    </attribute-category>
  </cloud-connector>
  <cloud-connector returnType="java.lang.String" extends="http://www.mulesoft.org/schema/mule/espnapi/abstractEspnapiConnectorGeneric" abstract="true" image="icons/large/espnapi-connector-48x32.png" localId="all-athletes-by-sport-league-groups" icon="icons/small/espnapi-connector-24x16.png" caption="All Athletes By Sport League Groups">
    <attribute-category description="General." caption="General">
      <group caption="General" id="general">
        <string javaType="java.lang.String" required="true" description="Example 1." caption="Groups" name="groups"></string>
        <string javaType="java.lang.String" required="true" description="Example mlb." caption="League" name="league"></string>
        <string javaType="java.lang.String" required="true" description="Example baseball." caption="Sport" name="sport"></string>
      </group>
    </attribute-category>
  </cloud-connector>
  <cloud-connector returnType="java.lang.String" extends="http://www.mulesoft.org/schema/mule/espnapi/abstractEspnapiConnectorGeneric" abstract="true" image="icons/large/espnapi-connector-48x32.png" localId="all-athletes-by-sport-league-teams" icon="icons/small/espnapi-connector-24x16.png" caption="All Athletes By Sport League Teams">
    <attribute-category description="General." caption="General">
      <group caption="General" id="general">
        <string javaType="java.lang.String" required="true" description="Example mlb." caption="League" name="league"></string>
        <string javaType="java.lang.String" required="true" description="Example baseball." caption="Sport" name="sport"></string>
        <string javaType="java.lang.String" required="true" description="Example 2." caption="Teams" name="teams"></string>
      </group>
    </attribute-category>
  </cloud-connector>
  <cloud-connector returnType="java.lang.String" extends="http://www.mulesoft.org/schema/mule/espnapi/abstractEspnapiConnectorGeneric" abstract="true" image="icons/large/espnapi-connector-48x32.png" localId="athlete-by-sport-league-player" icon="icons/small/espnapi-connector-24x16.png" caption="Athlete By Sport League Player">
    <attribute-category description="General." caption="General">
      <group caption="General" id="general">
        <string javaType="java.lang.String" required="true" description="Example mlb." caption="League" name="league"></string>
        <string javaType="java.lang.String" required="true" description="Example 3748." caption="Player" name="player"></string>
        <string javaType="java.lang.String" required="true" description="Example baseball." caption="Sport" name="sport"></string>
      </group>
    </attribute-category>
  </cloud-connector>
  <cloud-connector returnType="java.lang.String" extends="http://www.mulesoft.org/schema/mule/espnapi/abstractEspnapiConnectorGeneric" abstract="true" image="icons/large/espnapi-connector-48x32.png" localId="athlete-season-stats-by-player-sport-league-dates-enable-seasontype" icon="icons/small/espnapi-connector-24x16.png" caption="Athlete Season Stats By Player Sport League Dates Enable Seasontype">
    <attribute-category description="General." caption="General">
      <group caption="General" id="general">
        <string javaType="java.lang.String" required="true" description="Example 2011." caption="Dates" name="dates"></string>
        <string javaType="java.lang.String" required="true" description="Example stats,competitors." caption="Enable" name="enable"></string>
        <string javaType="java.lang.String" required="true" description="Example mlb." caption="League" name="league"></string>
        <string javaType="java.lang.String" required="true" description="Example 3748." caption="Player" name="player"></string>
        <string javaType="java.lang.String" required="true" description="Example reg." caption="Seasontype" name="seasontype"></string>
        <string javaType="java.lang.String" required="true" description="Example baseball." caption="Sport" name="sport"></string>
      </group>
    </attribute-category>
  </cloud-connector>
  <cloud-connector returnType="java.lang.String" extends="http://www.mulesoft.org/schema/mule/espnapi/abstractEspnapiConnectorGeneric" abstract="true" image="icons/large/espnapi-connector-48x32.png" localId="athlete-season-stats-by-player-sport-league-dates-enable-seasontype-lang" icon="icons/small/espnapi-connector-24x16.png" caption="Athlete Season Stats By Player Sport League Dates Enable Seasontype Lang">
    <attribute-category description="General." caption="General">
      <group caption="General" id="general">
        <string javaType="java.lang.String" required="true" description="Example 2011." caption="Dates" name="dates"></string>
        <string javaType="java.lang.String" required="true" description="Example stats,competitors." caption="Enable" name="enable"></string>
        <string javaType="java.lang.String" required="true" description="Example es." caption="Lang" name="lang"></string>
        <string javaType="java.lang.String" required="true" description="Example mlb." caption="League" name="league"></string>
        <string javaType="java.lang.String" required="true" description="Example 3748." caption="Player" name="player"></string>
        <string javaType="java.lang.String" required="true" description="Example reg." caption="Seasontype" name="seasontype"></string>
        <string javaType="java.lang.String" required="true" description="Example baseball." caption="Sport" name="sport"></string>
      </group>
    </attribute-category>
  </cloud-connector>
  <cloud-connector returnType="java.lang.String" extends="http://www.mulesoft.org/schema/mule/espnapi/abstractEspnapiConnectorGeneric" abstract="true" image="icons/large/espnapi-connector-48x32.png" localId="current-days-events" icon="icons/small/espnapi-connector-24x16.png" caption="Current Days Events">
    <attribute-category description="General." caption="General"></attribute-category>
  </cloud-connector>
  <cloud-connector returnType="java.lang.String" extends="http://www.mulesoft.org/schema/mule/espnapi/abstractEspnapiConnectorGeneric" abstract="true" image="icons/large/espnapi-connector-48x32.png" localId="current-days-events-by-leagues" icon="icons/small/espnapi-connector-24x16.png" caption="Current Days Events By Leagues">
    <attribute-category description="General." caption="General">
      <group caption="General" id="general">
        <string javaType="java.lang.String" required="true" description="Ex nhl,mens-college-basketball." caption="Leagues" name="leagues"></string>
      </group>
    </attribute-category>
  </cloud-connector>
  <cloud-connector returnType="java.lang.String" extends="http://www.mulesoft.org/schema/mule/espnapi/abstractEspnapiConnectorGeneric" abstract="true" image="icons/large/espnapi-connector-48x32.png" localId="current-days-events-by-sport-league" icon="icons/small/espnapi-connector-24x16.png" caption="Current Days Events By Sport League">
    <attribute-category description="General." caption="General">
      <group caption="General" id="general">
        <string javaType="java.lang.String" required="true" description="Ex mlb." caption="League" name="league"></string>
        <string javaType="java.lang.String" required="true" description="Ex baseball." caption="Sport" name="sport"></string>
      </group>
    </attribute-category>
  </cloud-connector>
  <cloud-connector returnType="java.lang.String" extends="http://www.mulesoft.org/schema/mule/espnapi/abstractEspnapiConnectorGeneric" abstract="true" image="icons/large/espnapi-connector-48x32.png" localId="current-days-events-by-sport-league-groups" icon="icons/small/espnapi-connector-24x16.png" caption="Current Days Events By Sport League Groups">
    <attribute-category description="General." caption="General">
      <group caption="General" id="general">
        <string javaType="java.lang.String" required="true" description="Ex 7." caption="Groups" name="groups"></string>
        <string javaType="java.lang.String" required="true" description="Ex mlb." caption="League" name="league"></string>
        <string javaType="java.lang.String" required="true" description="Ex baseball." caption="Sport" name="sport"></string>
      </group>
    </attribute-category>
  </cloud-connector>
  <cloud-connector returnType="java.lang.String" extends="http://www.mulesoft.org/schema/mule/espnapi/abstractEspnapiConnectorGeneric" abstract="true" image="icons/large/espnapi-connector-48x32.png" localId="current-days-events-by-sport-league-lang" icon="icons/small/espnapi-connector-24x16.png" caption="Current Days Events By Sport League Lang">
    <attribute-category description="General." caption="General">
      <group caption="General" id="general">
        <string javaType="java.lang.String" required="true" description="Ex es." caption="Lang" name="lang"></string>
        <string javaType="java.lang.String" required="true" description="Ex mlb." caption="League" name="league"></string>
        <string javaType="java.lang.String" required="true" description="Ex baseball." caption="Sport" name="sport"></string>
      </group>
    </attribute-category>
  </cloud-connector>
  <cloud-connector returnType="java.lang.String" extends="http://www.mulesoft.org/schema/mule/espnapi/abstractEspnapiConnectorGeneric" abstract="true" image="icons/large/espnapi-connector-48x32.png" localId="current-days-events-top" icon="icons/small/espnapi-connector-24x16.png" caption="Current Days Events Top">
    <attribute-category description="General." caption="General"></attribute-category>
  </cloud-connector>
  <cloud-connector returnType="java.lang.String" extends="http://www.mulesoft.org/schema/mule/espnapi/abstractEspnapiConnectorGeneric" abstract="true" image="icons/large/espnapi-connector-48x32.png" localId="current-standings-by-sport-league" icon="icons/small/espnapi-connector-24x16.png" caption="Current Standings By Sport League">
    <attribute-category description="General." caption="General">
      <group caption="General" id="general">
        <string javaType="java.lang.String" required="true" description="Ex mlb." caption="League" name="league"></string>
        <string javaType="java.lang.String" required="true" description="Ex baseball." caption="Sport" name="sport"></string>
      </group>
    </attribute-category>
  </cloud-connector>
  <cloud-connector returnType="java.lang.String" extends="http://www.mulesoft.org/schema/mule/espnapi/abstractEspnapiConnectorGeneric" abstract="true" image="icons/large/espnapi-connector-48x32.png" localId="current-standings-by-sport-league-groups" icon="icons/small/espnapi-connector-24x16.png" caption="Current Standings By Sport League Groups">
    <attribute-category description="General." caption="General">
      <group caption="General" id="general">
        <string javaType="java.lang.String" required="true" description="Ex 2." caption="Groups" name="groups"></string>
        <string javaType="java.lang.String" required="true" description="Ex mlb." caption="League" name="league"></string>
        <string javaType="java.lang.String" required="true" description="Ex baseball." caption="Sport" name="sport"></string>
      </group>
    </attribute-category>
  </cloud-connector>
  <cloud-connector returnType="java.lang.String" extends="http://www.mulesoft.org/schema/mule/espnapi/abstractEspnapiConnectorGeneric" abstract="true" image="icons/large/espnapi-connector-48x32.png" localId="current-standings-by-sport-league-lang" icon="icons/small/espnapi-connector-24x16.png" caption="Current Standings By Sport League Lang">
    <attribute-category description="General." caption="General">
      <group caption="General" id="general">
        <string javaType="java.lang.String" required="true" description="Ex es." caption="Lang" name="lang"></string>
        <string javaType="java.lang.String" required="true" description="Ex mlb." caption="League" name="league"></string>
        <string javaType="java.lang.String" required="true" description="Ex baseball." caption="Sport" name="sport"></string>
      </group>
    </attribute-category>
  </cloud-connector>
  <cloud-connector returnType="java.lang.String" extends="http://www.mulesoft.org/schema/mule/espnapi/abstractEspnapiConnectorGeneric" abstract="true" image="icons/large/espnapi-connector-48x32.png" localId="current-standings-by-sport-league-seasontype" icon="icons/small/espnapi-connector-24x16.png" caption="Current Standings By Sport League Seasontype">
    <attribute-category description="General." caption="General">
      <group caption="General" id="general">
        <string javaType="java.lang.String" required="true" description="Ex mlb." caption="League" name="league"></string>
        <string javaType="java.lang.String" required="true" description="Ex 3." caption="Seasontype" name="seasontype"></string>
        <string javaType="java.lang.String" required="true" description="Ex baseball." caption="Sport" name="sport"></string>
      </group>
    </attribute-category>
  </cloud-connector>
  <cloud-connector returnType="java.lang.String" extends="http://www.mulesoft.org/schema/mule/espnapi/abstractEspnapiConnectorGeneric" abstract="true" image="icons/large/espnapi-connector-48x32.png" localId="event-by-sport-league-eventid" icon="icons/small/espnapi-connector-24x16.png" caption="Event By Sport League Eventid">
    <attribute-category description="General." caption="General">
      <group caption="General" id="general">
        <string javaType="java.lang.String" required="true" description="Game id." caption="Eventid" name="eventid"></string>
        <string javaType="java.lang.String" required="true" description="Ex mlb." caption="League" name="league"></string>
        <string javaType="java.lang.String" required="true" description="Ex baseball." caption="Sport" name="sport"></string>
      </group>
    </attribute-category>
  </cloud-connector>
  <cloud-connector returnType="java.lang.String" extends="http://www.mulesoft.org/schema/mule/espnapi/abstractEspnapiConnectorGeneric" abstract="true" image="icons/large/espnapi-connector-48x32.png" localId="events-by-sport-league-teams-dates" icon="icons/small/espnapi-connector-24x16.png" caption="Events By Sport League Teams Dates">
    <attribute-category description="General." caption="General">
      <group caption="General" id="general">
        <string javaType="java.lang.String" required="true" description="Ex 2010." caption="Dates" name="dates"></string>
        <string javaType="java.lang.String" required="true" description="Ex mlb." caption="League" name="league"></string>
        <string javaType="java.lang.String" required="true" description="Ex baseball." caption="Sport" name="sport"></string>
        <string javaType="java.lang.String" required="true" description="Ex 2." caption="Teams" name="teams"></string>
      </group>
    </attribute-category>
  </cloud-connector>
  <cloud-connector returnType="java.lang.String" extends="http://www.mulesoft.org/schema/mule/espnapi/abstractEspnapiConnectorGeneric" abstract="true" image="icons/large/espnapi-connector-48x32.png" localId="latest-podcast-recording-by-podcastid" icon="icons/small/espnapi-connector-24x16.png" caption="Latest Podcast Recording By Podcastid">
    <attribute-category description="General." caption="General">
      <group caption="General" id="general">
        <string javaType="java.lang.String" required="true" description="Id of podcast." caption="Podcastid" name="podcastid"></string>
      </group>
    </attribute-category>
  </cloud-connector>
  <cloud-connector returnType="java.lang.String" extends="http://www.mulesoft.org/schema/mule/espnapi/abstractEspnapiConnectorGeneric" abstract="true" image="icons/large/espnapi-connector-48x32.png" localId="latest-podcasts" icon="icons/small/espnapi-connector-24x16.png" caption="Latest Podcasts">
    <attribute-category description="General." caption="General"></attribute-category>
  </cloud-connector>
  <cloud-connector returnType="java.lang.String" extends="http://www.mulesoft.org/schema/mule/espnapi/abstractEspnapiConnectorGeneric" abstract="true" image="icons/large/espnapi-connector-48x32.png" localId="latest-recordings" icon="icons/small/espnapi-connector-24x16.png" caption="Latest Recordings">
    <attribute-category description="General." caption="General"></attribute-category>
  </cloud-connector>
  <cloud-connector returnType="java.lang.String" extends="http://www.mulesoft.org/schema/mule/espnapi/abstractEspnapiConnectorGeneric" abstract="true" image="icons/large/espnapi-connector-48x32.png" localId="latest-research-notes" icon="icons/small/espnapi-connector-24x16.png" caption="Latest Research Notes">
    <attribute-category description="General." caption="General">
      <group caption="General" id="general">
        <string javaType="java.lang.String" required="true" description="Limits number of notes returned." caption="Limit" name="limit"></string>
      </group>
    </attribute-category>
  </cloud-connector>
  <cloud-connector returnType="java.lang.String" extends="http://www.mulesoft.org/schema/mule/espnapi/abstractEspnapiConnectorGeneric" abstract="true" image="icons/large/espnapi-connector-48x32.png" localId="latest-research-notes-by-sport-league" icon="icons/small/espnapi-connector-24x16.png" caption="Latest Research Notes By Sport League">
    <attribute-category description="General." caption="General">
      <group caption="General" id="general">
        <string javaType="java.lang.String" required="true" description="Example mlb." caption="League" name="league"></string>
        <string javaType="java.lang.String" required="true" description="Limits number of notes returned." caption="Limit" name="limit"></string>
        <string javaType="java.lang.String" required="true" description="Example baseball." caption="Sport" name="sport"></string>
      </group>
    </attribute-category>
  </cloud-connector>
  <cloud-connector returnType="java.lang.String" extends="http://www.mulesoft.org/schema/mule/espnapi/abstractEspnapiConnectorGeneric" abstract="true" image="icons/large/espnapi-connector-48x32.png" localId="latest-research-notes-by-sport-league-player" icon="icons/small/espnapi-connector-24x16.png" caption="Latest Research Notes By Sport League Player">
    <attribute-category description="General." caption="General">
      <group caption="General" id="general">
        <string javaType="java.lang.String" required="true" description="Example mlb." caption="League" name="league"></string>
        <string javaType="java.lang.String" required="true" description="Limits number of notes returned." caption="Limit" name="limit"></string>
        <string javaType="java.lang.String" required="true" description="Example 3748." caption="Player" name="player"></string>
        <string javaType="java.lang.String" required="true" description="Example baseball." caption="Sport" name="sport"></string>
      </group>
    </attribute-category>
  </cloud-connector>
  <cloud-connector returnType="java.lang.String" extends="http://www.mulesoft.org/schema/mule/espnapi/abstractEspnapiConnectorGeneric" abstract="true" image="icons/large/espnapi-connector-48x32.png" localId="latest-research-notes-by-sport-league-teams" icon="icons/small/espnapi-connector-24x16.png" caption="Latest Research Notes By Sport League Teams">
    <attribute-category description="General." caption="General">
      <group caption="General" id="general">
        <string javaType="java.lang.String" required="true" description="Example mlb." caption="League" name="league"></string>
        <string javaType="java.lang.String" required="true" description="Limits number of notes returned." caption="Limit" name="limit"></string>
        <string javaType="java.lang.String" required="true" description="Example baseball." caption="Sport" name="sport"></string>
        <string javaType="java.lang.String" required="true" description="Example 13." caption="Teams" name="teams"></string>
      </group>
    </attribute-category>
  </cloud-connector>
  <cloud-connector returnType="java.lang.String" extends="http://www.mulesoft.org/schema/mule/espnapi/abstractEspnapiConnectorGeneric" abstract="true" image="icons/large/espnapi-connector-48x32.png" localId="list-olympic-countries" icon="icons/small/espnapi-connector-24x16.png" caption="List Olympic Countries">
    <attribute-category description="General." caption="General"></attribute-category>
  </cloud-connector>
  <cloud-connector returnType="java.lang.String" extends="http://www.mulesoft.org/schema/mule/espnapi/abstractEspnapiConnectorGeneric" abstract="true" image="icons/large/espnapi-connector-48x32.png" localId="list-olympic-sports-by-dates-season" icon="icons/small/espnapi-connector-24x16.png" caption="List Olympic Sports By Dates Season">
    <attribute-category description="General." caption="General">
      <group caption="General" id="general">
        <string javaType="java.lang.String" required="true" description="Ex 2010." caption="Dates" name="dates"></string>
        <string javaType="java.lang.String" required="true" description="Ex summer." caption="Season" name="season"></string>
      </group>
    </attribute-category>
  </cloud-connector>
  <cloud-connector returnType="java.lang.String" extends="http://www.mulesoft.org/schema/mule/espnapi/abstractEspnapiConnectorGeneric" abstract="true" image="icons/large/espnapi-connector-48x32.png" localId="medal-counts" icon="icons/small/espnapi-connector-24x16.png" caption="Medal Counts">
    <attribute-category description="General." caption="General"></attribute-category>
  </cloud-connector>
  <cloud-connector returnType="java.lang.String" extends="http://www.mulesoft.org/schema/mule/espnapi/abstractEspnapiConnectorGeneric" abstract="true" image="icons/large/espnapi-connector-48x32.png" localId="medal-counts-by-country" icon="icons/small/espnapi-connector-24x16.png" caption="Medal Counts By Country">
    <attribute-category description="General." caption="General">
      <group caption="General" id="general">
        <string javaType="java.lang.String" required="true" description="Example usa." caption="Country" name="country"></string>
      </group>
    </attribute-category>
  </cloud-connector>
  <cloud-connector returnType="java.lang.String" extends="http://www.mulesoft.org/schema/mule/espnapi/abstractEspnapiConnectorGeneric" abstract="true" image="icons/large/espnapi-connector-48x32.png" localId="medal-counts-by-country-with-competitions" icon="icons/small/espnapi-connector-24x16.png" caption="Medal Counts By Country With Competitions">
    <attribute-category description="General." caption="General">
      <group caption="General" id="general">
        <string javaType="java.lang.String" required="true" description="Example usa." caption="Country" name="country"></string>
      </group>
    </attribute-category>
  </cloud-connector>
  <cloud-connector returnType="java.lang.String" extends="http://www.mulesoft.org/schema/mule/espnapi/abstractEspnapiConnectorGeneric" abstract="true" image="icons/large/espnapi-connector-48x32.png" localId="medal-counts-by-dates-season" icon="icons/small/espnapi-connector-24x16.png" caption="Medal Counts By Dates Season">
    <attribute-category description="General." caption="General">
      <group caption="General" id="general">
        <string javaType="java.lang.String" required="true" description="Example 2010." caption="Dates" name="dates"></string>
        <string javaType="java.lang.String" required="true" description="Example summer." caption="Season" name="season"></string>
      </group>
    </attribute-category>
  </cloud-connector>
  <cloud-connector returnType="java.lang.String" extends="http://www.mulesoft.org/schema/mule/espnapi/abstractEspnapiConnectorGeneric" abstract="true" image="icons/large/espnapi-connector-48x32.png" localId="medal-counts-by-event-dates-season" icon="icons/small/espnapi-connector-24x16.png" caption="Medal Counts By Event Dates Season">
    <attribute-category description="General." caption="General">
      <group caption="General" id="general">
        <string javaType="java.lang.String" required="true" description="Example 2010." caption="Dates" name="dates"></string>
        <string javaType="java.lang.String" required="true" description="Example alpine-skiing." caption="Event" name="event"></string>
        <string javaType="java.lang.String" required="true" description="Example winter." caption="Season" name="season"></string>
      </group>
    </attribute-category>
  </cloud-connector>
  <cloud-connector returnType="java.lang.String" extends="http://www.mulesoft.org/schema/mule/espnapi/abstractEspnapiConnectorGeneric" abstract="true" image="icons/large/espnapi-connector-48x32.png" localId="medal-counts-by-player-dates-season" icon="icons/small/espnapi-connector-24x16.png" caption="Medal Counts By Player Dates Season">
    <attribute-category description="General." caption="General">
      <group caption="General" id="general">
        <string javaType="java.lang.String" required="true" description="Example 2008." caption="Dates" name="dates"></string>
        <string javaType="java.lang.String" required="true" description="Example 52386." caption="Player" name="player"></string>
        <string javaType="java.lang.String" required="true" description="Example summer." caption="Season" name="season"></string>
      </group>
    </attribute-category>
  </cloud-connector>
  <cloud-connector returnType="java.lang.String" extends="http://www.mulesoft.org/schema/mule/espnapi/abstractEspnapiConnectorGeneric" abstract="true" image="icons/large/espnapi-connector-48x32.png" localId="podcast" icon="icons/small/espnapi-connector-24x16.png" caption="Podcast">
    <attribute-category description="General." caption="General">
      <group caption="General" id="general">
        <string javaType="java.lang.String" required="true" description="Id of podcast." caption="Podcastid" name="podcastid"></string>
      </group>
    </attribute-category>
  </cloud-connector>
  <cloud-connector returnType="java.lang.String" extends="http://www.mulesoft.org/schema/mule/espnapi/abstractEspnapiConnectorGeneric" abstract="true" image="icons/large/espnapi-connector-48x32.png" localId="recording" icon="icons/small/espnapi-connector-24x16.png" caption="Recording">
    <attribute-category description="General." caption="General">
      <group caption="General" id="general">
        <string javaType="java.lang.String" required="true" description="Example 8489644." caption="Recordingid" name="recordingid"></string>
      </group>
    </attribute-category>
  </cloud-connector>
  <cloud-connector returnType="java.lang.String" extends="http://www.mulesoft.org/schema/mule/espnapi/abstractEspnapiConnectorGeneric" abstract="true" image="icons/large/espnapi-connector-48x32.png" localId="research-note" icon="icons/small/espnapi-connector-24x16.png" caption="Research Note">
    <attribute-category description="General." caption="General">
      <group caption="General" id="general">
        <string javaType="java.lang.String" required="true" description="Example 13200038." caption="Id" name="id"></string>
        <string javaType="java.lang.String" required="true" description="Example mlb." caption="League" name="league"></string>
        <string javaType="java.lang.String" required="true" description="Example baseball." caption="Sport" name="sport"></string>
      </group>
    </attribute-category>
  </cloud-connector>
  <cloud-connector returnType="java.lang.String" extends="http://www.mulesoft.org/schema/mule/espnapi/abstractEspnapiConnectorGeneric" abstract="true" image="icons/large/espnapi-connector-48x32.png" localId="standings-by-sport-league-dates" icon="icons/small/espnapi-connector-24x16.png" caption="Standings By Sport League Dates">
    <attribute-category description="General." caption="General">
      <group caption="General" id="general">
        <string javaType="java.lang.String" required="true" description="Ex 2009." caption="Dates" name="dates"></string>
        <string javaType="java.lang.String" required="true" description="Ex mlb." caption="League" name="league"></string>
        <string javaType="java.lang.String" required="true" description="Ex baseball." caption="Sport" name="sport"></string>
      </group>
    </attribute-category>
  </cloud-connector>
  <cloud-connector returnType="java.lang.String" extends="http://www.mulesoft.org/schema/mule/espnapi/abstractEspnapiConnectorGeneric" abstract="true" image="icons/large/espnapi-connector-48x32.png" localId="story" icon="icons/small/espnapi-connector-24x16.png" caption="Story">
    <attribute-category description="General." caption="General">
      <group caption="General" id="general">
        <string javaType="java.lang.String" required="true" description="Example 6277112." caption="Id" name="id"></string>
      </group>
    </attribute-category>
  </cloud-connector>
  <cloud-connector returnType="java.lang.String" extends="http://www.mulesoft.org/schema/mule/espnapi/abstractEspnapiConnectorGeneric" abstract="true" image="icons/large/espnapi-connector-48x32.png" localId="team-by-id" icon="icons/small/espnapi-connector-24x16.png" caption="Team By Id">
    <attribute-category description="General." caption="General">
      <group caption="General" id="general">
        <string javaType="java.lang.String" required="true" description="Id of team - example 2." caption="Id" name="id"></string>
        <string javaType="java.lang.String" required="true" description="Name of league - example mens-college-basketball." caption="League" name="league"></string>
        <string javaType="java.lang.String" required="true" description="Name of sport - example baseball." caption="Sport" name="sport"></string>
      </group>
    </attribute-category>
  </cloud-connector>
  <cloud-connector returnType="java.lang.String" extends="http://www.mulesoft.org/schema/mule/espnapi/abstractEspnapiConnectorGeneric" abstract="true" image="icons/large/espnapi-connector-48x32.png" localId="team-with-enable-by-id" icon="icons/small/espnapi-connector-24x16.png" caption="Team With Enable By Id">
    <attribute-category description="General." caption="General">
      <group caption="General" id="general">
        <string javaType="java.lang.String" required="true" description="Roster - pass in roster to enable rosters." caption="Enable" name="enable"></string>
        <string javaType="java.lang.String" required="true" description="Id of team - example 2." caption="Id" name="id"></string>
        <string javaType="java.lang.String" required="true" description="Name of sport - example baseball." caption="Sport" name="sport"></string>
      </group>
    </attribute-category>
  </cloud-connector>
  <cloud-connector returnType="java.lang.String" extends="http://www.mulesoft.org/schema/mule/espnapi/abstractEspnapiConnectorGeneric" abstract="true" image="icons/large/espnapi-connector-48x32.png" localId="teams" icon="icons/small/espnapi-connector-24x16.png" caption="Teams">
    <attribute-category description="General." caption="General">
      <group caption="General" id="general">
        <string javaType="java.lang.String" required="true" description="Name of sport example baseball." caption="Sport" name="sport"></string>
      </group>
    </attribute-category>
  </cloud-connector>
  <cloud-connector returnType="java.lang.String" extends="http://www.mulesoft.org/schema/mule/espnapi/abstractEspnapiConnectorGeneric" abstract="true" image="icons/large/espnapi-connector-48x32.png" localId="teams-by-groups" icon="icons/small/espnapi-connector-24x16.png" caption="Teams By Groups">
    <attribute-category description="General." caption="General">
      <group caption="General" id="general">
        <string javaType="java.lang.String" required="true" description="Id of groups - example 1 (American League East division in MLB)." caption="Groups" name="groups"></string>
        <string javaType="java.lang.String" required="true" description="Name of league - example mlb." caption="League" name="league"></string>
        <string javaType="java.lang.String" required="true" description="Name of sport - example baseball." caption="Sport" name="sport"></string>
      </group>
    </attribute-category>
  </cloud-connector>
  <cloud-connector returnType="java.lang.String" extends="http://www.mulesoft.org/schema/mule/espnapi/abstractEspnapiConnectorGeneric" abstract="true" image="icons/large/espnapi-connector-48x32.png" localId="todays-fantasy-news" icon="icons/small/espnapi-connector-24x16.png" caption="Todays Fantasy News">
    <attribute-category description="General." caption="General">
      <group caption="General" id="general">
        <string javaType="java.lang.String" required="true" description="Example football." caption="Sport" name="sport"></string>
      </group>
    </attribute-category>
  </cloud-connector>
  <cloud-connector returnType="java.lang.String" extends="http://www.mulesoft.org/schema/mule/espnapi/abstractEspnapiConnectorGeneric" abstract="true" image="icons/large/espnapi-connector-48x32.png" localId="top-espn-com-headlines" icon="icons/small/espnapi-connector-24x16.png" caption="Top Espn Com Headlines">
    <attribute-category description="General." caption="General"></attribute-category>
  </cloud-connector>
  <cloud-connector returnType="java.lang.String" extends="http://www.mulesoft.org/schema/mule/espnapi/abstractEspnapiConnectorGeneric" abstract="true" image="icons/large/espnapi-connector-48x32.png" localId="top-headlines" icon="icons/small/espnapi-connector-24x16.png" caption="Top Headlines">
    <attribute-category description="General." caption="General"></attribute-category>
  </cloud-connector>
  <cloud-connector returnType="java.lang.String" extends="http://www.mulesoft.org/schema/mule/espnapi/abstractEspnapiConnectorGeneric" abstract="true" image="icons/large/espnapi-connector-48x32.png" localId="top-headlines-by-sport-league" icon="icons/small/espnapi-connector-24x16.png" caption="Top Headlines By Sport League">
    <attribute-category description="General." caption="General">
      <group caption="General" id="general">
        <string javaType="java.lang.String" required="true" description="Example nba." caption="League" name="league"></string>
        <string javaType="java.lang.String" required="true" description="Example basketball." caption="Sport" name="sport"></string>
      </group>
    </attribute-category>
  </cloud-connector>
  <cloud-connector returnType="java.lang.String" extends="http://www.mulesoft.org/schema/mule/espnapi/abstractEspnapiConnectorGeneric" abstract="true" image="icons/large/espnapi-connector-48x32.png" localId="top-news-by-lang-region" icon="icons/small/espnapi-connector-24x16.png" caption="Top News By Lang Region">
    <attribute-category description="General." caption="General">
      <group caption="General" id="general">
        <string javaType="java.lang.String" required="true" description="Example es." caption="Lang" name="lang"></string>
        <string javaType="java.lang.String" required="true" description="Example ar." caption="Region" name="region"></string>
      </group>
    </attribute-category>
  </cloud-connector>
  <cloud-connector returnType="java.lang.String" extends="http://www.mulesoft.org/schema/mule/espnapi/abstractEspnapiConnectorGeneric" abstract="true" image="icons/large/espnapi-connector-48x32.png" localId="top-news-by-sport-league" icon="icons/small/espnapi-connector-24x16.png" caption="Top News By Sport League">
    <attribute-category description="General." caption="General">
      <group caption="General" id="general">
        <string javaType="java.lang.String" required="true" description="Example nba." caption="League" name="league"></string>
        <string javaType="java.lang.String" required="true" description="Example basketball." caption="Sport" name="sport"></string>
      </group>
    </attribute-category>
  </cloud-connector>
  <cloud-connector returnType="java.lang.String" extends="http://www.mulesoft.org/schema/mule/espnapi/abstractEspnapiConnectorGeneric" abstract="true" image="icons/large/espnapi-connector-48x32.png" localId="top-news-by-sport-league-dates" icon="icons/small/espnapi-connector-24x16.png" caption="Top News By Sport League Dates">
    <attribute-category description="General." caption="General">
      <group caption="General" id="general">
        <string javaType="java.lang.String" required="true" description="Example 20100219." caption="Dates" name="dates"></string>
        <string javaType="java.lang.String" required="true" description="Example nba." caption="League" name="league"></string>
        <string javaType="java.lang.String" required="true" description="Example basketball." caption="Sport" name="sport"></string>
      </group>
    </attribute-category>
  </cloud-connector>
  <cloud-connector returnType="java.lang.String" extends="http://www.mulesoft.org/schema/mule/espnapi/abstractEspnapiConnectorGeneric" abstract="true" image="icons/large/espnapi-connector-48x32.png" localId="top-news-by-sport-league-lang" icon="icons/small/espnapi-connector-24x16.png" caption="Top News By Sport League Lang">
    <attribute-category description="General." caption="General">
      <group caption="General" id="general">
        <string javaType="java.lang.String" required="true" description="Example es." caption="Lang" name="lang"></string>
        <string javaType="java.lang.String" required="true" description="Example nba." caption="League" name="league"></string>
        <string javaType="java.lang.String" required="true" description="Example basketball." caption="Sport" name="sport"></string>
      </group>
    </attribute-category>
  </cloud-connector>
</namespace>