<?xml version="1.0" encoding="UTF-8"?>

<mule xmlns="http://www.mulesoft.org/schema/mule/core"
      xmlns:xsi="http://www.w3.org/2001/XMLSchema-instance"
      xmlns:spring="http://www.springframework.org/schema/beans"
      xmlns:espnapi="http://www.mulesoft.org/schema/mule/espnapi"
      xsi:schemaLocation="
        http://www.springframework.org/schema/beans http://www.springframework.org/schema/beans/spring-beans-3.0.xsd
        http://www.mulesoft.org/schema/mule/core http://www.mulesoft.org/schema/mule/core/current/mule.xsd
        http://www.mulesoft.org/schema/mule/espnapi http://www.mulesoft.org/schema/mule/espnapi/1.0-SNAPSHOT/mule-espnapi.xsd">

    <espnapi:config version="v1" apikey="v37fddaw8ge4knf8yqq7nnd9" apihost="api.espn.com" />

    <!-- team data/stats tests -->    

    <flow name="testTeamsFlow">
        <espnapi:teams sport="baseball"/>
    </flow>

    <flow name="testTeamByIdFlow">
        <espnapi:team-by-id sport="baseball" league="mlb" id="1"/>
    </flow>
    
    <flow name="testTeamWithEnableByIdFlow">
        <espnapi:team-with-enable-by-id sport="baseball" id="1" enable="roster"/>
    </flow>

    <flow name="testTeamsByGroupsFlow">
        <espnapi:teams-by-groups sport="baseball" league="mlb" groups="1"/>
    </flow>
    
    
    
    
    <!-- headline/news tests -->
    
    <flow name="testTopEspnComHeadlinesFlow">
        <espnapi:top-espn-com-headlines />
    </flow>

    <flow name="testTopHeadlinesFlow">
        <espnapi:top-headlines />
    </flow>

    <flow name="testTopHeadlinesBySportLeagueFlow">
        <espnapi:top-headlines-by-sport-league sport="basketball" league="nba" />
    </flow>

    <flow name="testTopNewsBySportLeagueFlow">
        <espnapi:top-news-by-sport-league sport="basketball" league="nba" />
    </flow>

    <flow name="testTopNewsBySportLeagueDatesFlow">
        <espnapi:top-news-by-sport-league-dates sport="basketball" league="nba" dates="20100219" />
    </flow>

    <flow name="testTopNewsBySportLeagueLangFlow">
        <espnapi:top-news-by-sport-league-lang sport="basketball" league="nba" lang="es"/>
    </flow>

    <flow name="testTopNewsByLangRegionFlow">
        <espnapi:top-news-by-lang-region lang="es" region="ar" />
    </flow>

    <flow name="testStoryFlow">
        <espnapi:story id="6277112" />
    </flow>

    <flow name="testTodaysFantasyNewsFlow">
        <espnapi:todays-fantasy-news sport="football" />
    </flow>




    <!-- athlete data/stats tests -->
    
    <flow name="testAllAthletesBySportLeagueFlow">
        <espnapi:all-athletes-by-sport-league sport="basketball" league="nba" />
    </flow>

    <flow name="testAllAthletesBySportLeagueGroupsFlow">
        <espnapi:all-athletes-by-sport-league-groups sport="basketball" league="nba" groups="1"/>
    </flow>

    <flow name="testAthleteBySportLeaguePlayerFlow">
        <espnapi:athlete-by-sport-league-player sport="basketball" league="nba" player="3748"/>
    </flow>

</mule>
