<?xml version='1.0' encoding='UTF-8'?>
<?artifactRepository version='1.1.0'?>
<repository name='file:/Projects/GitHub/hackathon/espn-api-connector/target/update-site/ - artifacts' type='org.eclipse.equinox.p2.artifact.repository.simpleRepository' version='1'>
  <properties size='2'>
    <property name='p2.timestamp' value='1364492184853'/>
    <property name='p2.compressed' value='false'/>
  </properties>
  <mappings size='3'>
    <rule filter='(&amp; (classifier=osgi.bundle))' output='${repoUrl}/plugins/${id}_${version}.jar'/>
    <rule filter='(&amp; (classifier=binary))' output='${repoUrl}/binary/${id}_${version}'/>
    <rule filter='(&amp; (classifier=org.eclipse.update.feature))' output='${repoUrl}/features/${id}_${version}.jar'/>
  </mappings>
  <artifacts size='2'>
    <artifact classifier='osgi.bundle' id='org.mule.tooling.ui.contribution.espnapi' version='1.0.0.201303281335'>
      <properties size='3'>
        <property name='artifact.size' value='473683'/>
        <property name='download.size' value='473683'/>
        <property name='download.md5' value='f81e6aa236e68b04b207db1578d69f23'/>
      </properties>
    </artifact>
    <artifact classifier='org.eclipse.update.feature' id='org.mule.tooling.ui.extension.espn-api-connector' version='1.0.0.201303281335'>
      <properties size='4'>
        <property name='artifact.size' value='3959'/>
        <property name='download.size' value='3959'/>
        <property name='download.md5' value='15eecc91d084a2608663c27c5680ab24'/>
        <property name='download.contentType' value='application/zip'/>
      </properties>
    </artifact>
  </artifacts>
</repository>
